Country or region,GDP per capita,Social support,Healthy life expectancy,Freedom to make life choices,Generosity,Perceptions of corruption,Code
Finland,1.34,1.587,0.986,0.596,0.153,0.393,fi
Denmark,1.383,1.573,0.996,0.592,0.252,0.41,dk
Norway,1.488,1.582,1.028,0.603,0.271,0.341,no
Iceland,1.38,1.624,1.026,0.591,0.354,0.118,is
Netherlands,1.396,1.522,0.999,0.557,0.322,0.298,nl
Switzerland,1.452,1.526,1.052,0.572,0.263,0.343,ch
Sweden,1.387,1.487,1.009,0.574,0.267,0.373,se
New Zealand,1.303,1.557,1.026,0.585,0.33,0.38,nz
Canada,1.365,1.505,1.039,0.584,0.285,0.308,ca
Austria,1.376,1.475,1.016,0.532,0.244,0.226,at
Australia,1.372,1.548,1.036,0.557,0.332,0.29,au
Costa Rica,1.034,1.441,0.963,0.558,0.144,0.093,cr
Israel,1.276,1.455,1.029,0.371,0.261,0.082,il
Luxembourg,1.609,1.479,1.012,0.526,0.194,0.316,lu
United Kingdom,1.333,1.538,0.996,0.45,0.348,0.278,gb
Ireland,1.499,1.553,0.999,0.516,0.298,0.31,ie
Germany,1.373,1.454,0.987,0.495,0.261,0.265,de
Belgium,1.356,1.504,0.986,0.473,0.16,0.21,be
United States,1.433,1.457,0.874,0.454,0.28,0.128,us
Czech Republic,1.269,1.487,0.92,0.457,0.046,0.036,cz
United Arab Emirates,1.503,1.31,0.825,0.598,0.262,0.182,ae
Malta,1.3,1.52,0.999,0.564,0.375,0.151,mt
Mexico,1.07,1.323,0.861,0.433,0.074,0.073,mx
France,1.324,1.472,1.045,0.436,0.111,0.183,fr
Taiwan,1.368,1.43,0.914,0.351,0.242,0.097,tw
Chile,1.159,1.369,0.92,0.357,0.187,0.056,cl
Guatemala,0.8,1.269,0.746,0.535,0.175,0.078,gt
Saudi Arabia,1.403,1.357,0.795,0.439,0.08,0.132,sa
Qatar,1.684,1.313,0.871,0.555,0.22,0.167,qa
Spain,1.286,1.484,1.062,0.362,0.153,0.079,es
Panama,1.149,1.442,0.91,0.516,0.109,0.054,pa
Brazil,1.004,1.439,0.802,0.39,0.099,0.086,br
Uruguay,1.124,1.465,0.891,0.523,0.127,0.15,uy
Singapore,1.572,1.463,1.141,0.556,0.271,0.453,sg
El Salvador,0.794,1.242,0.789,0.43,0.093,0.074,sv
Italy,1.294,1.488,1.039,0.231,0.158,0.03,it
Bahrain,1.362,1.368,0.871,0.536,0.255,0.11,bh
Slovakia,1.246,1.504,0.881,0.334,0.121,0.014,sk
Poland,1.206,1.438,0.884,0.483,0.117,0.05,pl
Uzbekistan,0.745,1.529,0.756,0.631,0.322,0.24,uz
Lithuania,1.238,1.515,0.818,0.291,0.043,0.042,lt
Colombia,0.985,1.41,0.841,0.47,0.099,0.034,co
Slovenia,1.258,1.523,0.953,0.564,0.144,0.057,si
Nicaragua,0.694,1.325,0.835,0.435,0.2,0.127,ni
Argentina,1.092,1.432,0.881,0.471,0.066,0.05,ar
Romania,1.162,1.232,0.825,0.462,0.083,0.005,ro
Cyprus,1.263,1.223,1.042,0.406,0.19,0.041,cy
Ecuador,0.912,1.312,0.868,0.498,0.126,0.087,ec
Kuwait,1.5,1.319,0.808,0.493,0.142,0.097,kw
Thailand,1.05,1.409,0.828,0.557,0.359,0.028,th
Latvia,1.187,1.465,0.812,0.264,0.075,0.064,lv
Estonia,1.237,1.528,0.874,0.495,0.103,0.161,ee
Jamaica,0.831,1.478,0.831,0.49,0.107,0.028,jm
Mauritius,1.12,1.402,0.798,0.498,0.215,0.06,mu
Japan,1.327,1.419,1.088,0.445,0.069,0.14,jp
Honduras,0.642,1.236,0.828,0.507,0.246,0.078,hn
Kazakhstan,1.173,1.508,0.729,0.41,0.146,0.096,kz
Bolivia,0.776,1.209,0.706,0.511,0.137,0.064,bo
Hungary,1.201,1.41,0.828,0.199,0.081,0.02,hu
Paraguay,0.855,1.475,0.777,0.514,0.184,0.08,py
Peru,0.96,1.274,0.854,0.455,0.083,0.027,pe
Portugal,1.221,1.431,0.999,0.508,0.047,0.025,pt
Pakistan,0.677,0.886,0.535,0.313,0.22,0.098,pk
Philippines,0.807,1.293,0.657,0.558,0.117,0.107,ph
Serbia,1.004,1.383,0.854,0.282,0.137,0.039,rs
Moldova,0.685,1.328,0.739,0.245,0.181,0,md
Libya,1.044,1.303,0.673,0.416,0.133,0.152,ly
Montenegro,1.051,1.361,0.871,0.197,0.142,0.08,me
Tajikistan,0.493,1.098,0.718,0.389,0.23,0.144,tj
Croatia,1.155,1.266,0.914,0.296,0.119,0.022,hr
Hong Kong,1.438,1.277,1.122,0.44,0.258,0.287,hk
Dominican Republic,1.015,1.401,0.779,0.497,0.113,0.101,do
Bosnia and Herzegovina,0.945,1.212,0.845,0.212,0.263,0.006,ba
Turkey,1.183,1.36,0.808,0.195,0.083,0.106,tr
Malaysia,1.221,1.171,0.828,0.508,0.26,0.024,my
Belarus,1.067,1.465,0.789,0.235,0.094,0.142,by
Greece,1.181,1.156,0.999,0.067,0,0.034,gr
Mongolia,0.948,1.531,0.667,0.317,0.235,0.038,mn
Nigeria,0.696,1.111,0.245,0.426,0.215,0.041,ng
Kyrgyzstan,0.551,1.438,0.723,0.508,0.3,0.023,kg
Turkmenistan,1.052,1.538,0.657,0.394,0.244,0.028,tm
Algeria,1.002,1.16,0.785,0.086,0.073,0.114,dz
Morocco,0.801,0.782,0.782,0.418,0.036,0.076,ma
Azerbaijan,1.043,1.147,0.769,0.351,0.035,0.182,az
Lebanon,0.987,1.224,0.815,0.216,0.166,0.027,lb
Indonesia,0.931,1.203,0.66,0.491,0.498,0.028,id
China,1.029,1.125,0.893,0.521,0.058,0.1,cn
Bhutan,0.813,1.321,0.604,0.457,0.37,0.167,bt
Cameroon,0.549,0.91,0.331,0.381,0.187,0.037,cm
Bulgaria,1.092,1.513,0.815,0.311,0.081,0.004,bg
Ghana,0.611,0.868,0.486,0.381,0.245,0.04,gh
Nepal,0.446,1.226,0.677,0.439,0.285,0.089,np
Jordan,0.837,1.225,0.815,0.383,0.11,0.13,jo
Benin,0.393,0.437,0.397,0.349,0.175,0.082,bj
Congo (Brazzaville),0.673,0.799,0.508,0.372,0.105,0.093,cd
Gabon,1.057,1.183,0.571,0.295,0.043,0.055,ga
South Africa,0.96,1.351,0.469,0.389,0.13,0.055,za
Albania,0.947,0.848,0.874,0.383,0.178,0.027,al
Venezuela,0.96,1.427,0.805,0.154,0.064,0.047,ve
Cambodia,0.574,1.122,0.637,0.609,0.232,0.062,kh
Senegal,0.45,1.134,0.571,0.292,0.153,0.072,sn
Somalia,0,0.698,0.268,0.559,0.243,0.27,so
Namibia,0.879,1.313,0.477,0.401,0.07,0.056,na
Niger,0.138,0.774,0.366,0.318,0.188,0.102,ne
Burkina Faso,0.331,1.056,0.38,0.255,0.177,0.113,bf
Armenia,0.85,1.055,0.815,0.283,0.095,0.064,am
Iran,1.1,0.842,0.785,0.305,0.27,0.125,ir
Guinea,0.38,0.829,0.375,0.332,0.207,0.086,gn
Georgia,0.886,0.666,0.752,0.346,0.043,0.164,ge
Gambia,0.308,0.939,0.428,0.382,0.269,0.167,gm
Kenya,0.512,0.983,0.581,0.431,0.372,0.053,ke
Mauritania,0.57,1.167,0.489,0.066,0.106,0.088,mr
Mozambique,0.204,0.986,0.39,0.494,0.197,0.138,mz
Tunisia,0.921,1,0.815,0.167,0.059,0.055,tn
Bangladesh,0.562,0.928,0.723,0.527,0.166,0.143,bd
Iraq,1.043,0.98,0.574,0.241,0.148,0.089,iq
Congo (Kinshasa),0.094,1.125,0.357,0.269,0.212,0.053,cg
Mali,0.385,1.105,0.308,0.327,0.153,0.052,ml
Sierra Leone,0.268,0.841,0.242,0.309,0.252,0.045,sl
Sri Lanka,0.949,1.265,0.831,0.47,0.244,0.047,lk
Myanmar,0.71,1.181,0.555,0.525,0.566,0.172,mm
Chad,0.35,0.766,0.192,0.174,0.198,0.078,td
Ukraine,0.82,1.39,0.739,0.178,0.187,0.01,ua
Ethiopia,0.336,1.033,0.532,0.344,0.209,0.1,et
Swaziland,0.811,1.149,0,0.313,0.074,0.135,sz
Uganda,0.332,1.069,0.443,0.356,0.252,0.06,ug
Egypt,0.913,1.039,0.644,0.241,0.076,0.067,eg
Zambia,0.578,1.058,0.426,0.431,0.247,0.087,zm
Togo,0.275,0.572,0.41,0.293,0.177,0.085,tg
India,0.755,0.765,0.588,0.498,0.2,0.085,in
Liberia,0.073,0.922,0.443,0.37,0.233,0.033,lr
Comoros,0.274,0.757,0.505,0.142,0.275,0.078,km
Madagascar,0.274,0.916,0.555,0.148,0.169,0.041,mg
Lesotho,0.489,1.169,0.168,0.359,0.107,0.093,ls
Burundi,0.046,0.447,0.38,0.22,0.176,0.18,bi
Zimbabwe,0.366,1.114,0.433,0.361,0.151,0.089,zw
Haiti,0.323,0.688,0.449,0.026,0.419,0.11,ht
Botswana,1.041,1.145,0.538,0.455,0.025,0.1,bw
Malawi,0.191,0.56,0.495,0.443,0.218,0.089,mw
Yemen,0.287,1.163,0.463,0.143,0.108,0.077,ye
Rwanda,0.359,0.711,0.614,0.555,0.217,0.411,rw
Tanzania,0.476,0.885,0.499,0.417,0.276,0.147,tz
Afghanistan,0.35,0.517,0.361,0,0.158,0.025,af
Central African Republic,0.026,0,0.105,0.225,0.235,0.035,cf
South Sudan,0.306,0.575,0.295,0.01,0.202,0.091,ss
